[
    {"name":"blue_Bag" ,"vendor":"Wild_craft","price":"1000","productDescription":"Abcdwjdfkdsjfghfbmdfkndfjkghdf","availableQuantity":"200","image":"https://encrypted-tbn0.gstatic.com/images?q=tbn:ANd9GcSNkcFwojOB-lALW6TVlkYn2nJZhw4-f2P3evYwdCva4dDpHuR8-w&s"},
    {"name":"black_Bag" ,"vendor":"Wild_craft","price":"1000","productDescription":"Abcdwjdfkdsjfghfbmdfkndfjkghdf","availableQuantity":"200","image":"https://encrypted-tbn0.gstatic.com/images?q=tbn:ANd9GcSNkcFwojOB-lALW6TVlkYn2nJZhw4-f2P3evYwdCva4dDpHuR8-w&s"},
    {"name":"green_Bag" ,"vendor":"Wild_craft","price":"1000","productDescription":"Abcdwjdfkdsjfghfbmdfkndfjkghdf","availableQuantity":"200","image":"https://encrypted-tbn0.gstatic.com/images?q=tbn:ANd9GcSNkcFwojOB-lALW6TVlkYn2nJZhw4-f2P3evYwdCva4dDpHuR8-w&s"},
    {"name":"yellow_Bag" ,"vendor":"Wild_craft","price":"1000","productDescription":"Abcdwjdfkdsjfghfbmdfkndfjkghdf","availableQuantity":"200","image":"https://encrypted-tbn0.gstatic.com/images?q=tbn:ANd9GcSNkcFwojOB-lALW6TVlkYn2nJZhw4-f2P3evYwdCva4dDpHuR8-w&s"},
    {"name":"purple_Bag" ,"vendor":"Wild_craft","price":"1000","productDescription":"Abcdwjdfkdsjfghfbmdfkndfjkghdf","availableQuantity":"200","image":"https://encrypted-tbn0.gstatic.com/images?q=tbn:ANd9GcSNkcFwojOB-lALW6TVlkYn2nJZhw4-f2P3evYwdCva4dDpHuR8-w&s"},
    {"name":"white_Bag" ,"vendor":"Wild_craft","price":"1000","productDescription":"Abcdwjdfkdsjfghfbmdfkndfjkghdf","availableQuantity":"200","image":"https://encrypted-tbn0.gstatic.com/images?q=tbn:ANd9GcSNkcFwojOB-lALW6TVlkYn2nJZhw4-f2P3evYwdCva4dDpHuR8-w&s"},
    {"name":"brown_Bag" ,"vendor":"Wild_craft","price":"1000","productDescription":"Abcdwjdfkdsjfghfbmdfkndfjkghdf","availableQuantity":"200","image":"https://encrypted-tbn0.gstatic.com/images?q=tbn:ANd9GcSNkcFwojOB-lALW6TVlkYn2nJZhw4-f2P3evYwdCva4dDpHuR8-w&s"},
    {"name":"orange_Bag" ,"vendor":"Wild_craft","price":"1000","productDescription":"Abcdwjdfkdsjfghfbmdfkndfjkghdf","availableQuantity":"200","image":"https://encrypted-tbn0.gstatic.com/images?q=tbn:ANd9GcSNkcFwojOB-lALW6TVlkYn2nJZhw4-f2P3evYwdCva4dDpHuR8-w&s"}
] 