[
    {"name":"grade_1" ,"vendor":"SBS","price":"500","productDescription":"Abcdwjdfkdsjfghfbmdfkndfjkghdf","availableQuantity":"200","image":"https://encrypted-tbn0.gstatic.com/images?q=tbn:ANd9GcRTM1kiYQmsSHzYMKVAjoFYqEDvvYToMO2BEV4K4ctDSZkF_v4U&s"},
    {"name":"grade_2" ,"vendor":"SBS","price":"500","productDescription":"Abcdwjdfkdsjfghfbmdfkndfjkghdf","availableQuantity":"200","image":"https://encrypted-tbn0.gstatic.com/images?q=tbn:ANd9GcRTM1kiYQmsSHzYMKVAjoFYqEDvvYToMO2BEV4K4ctDSZkF_v4U&s"},
    {"name":"grade_3" ,"vendor":"SBS","price":"500","productDescription":"Abcdwjdfkdsjfghfbmdfkndfjkghdf","availableQuantity":"200","image":"https://encrypted-tbn0.gstatic.com/images?q=tbn:ANd9GcRTM1kiYQmsSHzYMKVAjoFYqEDvvYToMO2BEV4K4ctDSZkF_v4U&s"},
    {"name":"grade_4" ,"vendor":"SBS","price":"500","productDescription":"Abcdwjdfkdsjfghfbmdfkndfjkghdf","availableQuantity":"200","image":"https://encrypted-tbn0.gstatic.com/images?q=tbn:ANd9GcRTM1kiYQmsSHzYMKVAjoFYqEDvvYToMO2BEV4K4ctDSZkF_v4U&s"},
    {"name":"grade_5" ,"vendor":"SBS","price":"500","productDescription":"Abcdwjdfkdsjfghfbmdfkndfjkghdf","availableQuantity":"200","image":"https://encrypted-tbn0.gstatic.com/images?q=tbn:ANd9GcRTM1kiYQmsSHzYMKVAjoFYqEDvvYToMO2BEV4K4ctDSZkF_v4U&s"},
    {"name":"grade_6" ,"vendor":"SBS","price":"500","productDescription":"Abcdwjdfkdsjfghfbmdfkndfjkghdf","availableQuantity":"200","image":"https://encrypted-tbn0.gstatic.com/images?q=tbn:ANd9GcRTM1kiYQmsSHzYMKVAjoFYqEDvvYToMO2BEV4K4ctDSZkF_v4U&s"},
    {"name":"grade_4" ,"vendor":"SBS","price":"500","productDescription":"Abcdwjdfkdsjfghfbmdfkndfjkghdf","availableQuantity":"200","image":"https://encrypted-tbn0.gstatic.com/images?q=tbn:ANd9GcRTM1kiYQmsSHzYMKVAjoFYqEDvvYToMO2BEV4K4ctDSZkF_v4U&s"},
    {"name":"grade_5" ,"vendor":"SBS","price":"500","productDescription":"Abcdwjdfkdsjfghfbmdfkndfjkghdf","availableQuantity":"200","image":"https://encrypted-tbn0.gstatic.com/images?q=tbn:ANd9GcRTM1kiYQmsSHzYMKVAjoFYqEDvvYToMO2BEV4K4ctDSZkF_v4U&s"}
] 