[
    { "name":"Shoes" , "quantity":500, "image":"https://encrypted-tbn2.gstatic.com/shopping?q=tbn:ANd9GcSusSde620n-AgRcCxD8FIGdgHadTVcaG65xiRdWzLgUAiU-PoMCUiAH_6q-27gogY7o5rhxhzFiPReGMNCdjpteLyJSRpYEq64ySIl4en7270a8SLBgUa6Mg&usqp=CAc" },
    { "name":"Bags" ,"quantity":1000, "image":"https://encrypted-tbn0.gstatic.com/shopping?q=tbn:ANd9GcQ7LKbpI2Cy0Zr9Fp2wB9U9GmSBn_6VJ41TSe8u7KKTfi3UPAOiq6fiotBrqEvEkph2Fi8yPlfhVVrENcNz6ahmmSbE84k9UiPvIFbU5ng&usqp=CAc" },
    { "name":"Uniform" ,"quantity" : 300 , "image":"https://encrypted-tbn0.gstatic.com/images?q=tbn:ANd9GcQP2S6hDT9D0Hzgzf82RvMZaAakCI89gqbIj8j_vSNOF9GIYa1T&s" },
    { "name":"notebooks" ,"quantity" : 300 , "image":"https://encrypted-tbn0.gstatic.com/images?q=tbn:ANd9GcRTM1kiYQmsSHzYMKVAjoFYqEDvvYToMO2BEV4K4ctDSZkF_v4U&s" }
]