[
    {"name":"casual_shoe" ,"vendor":"puma","price":"500","productDescription":"Abcdwjdfkdsjfghfbmdfkndfjkghdf","availableQuantity":"200","image":"https://encrypted-tbn0.gstatic.com/images?q=tbn:ANd9GcRd0CWOQE1FzLa0VwQp2f6S4Q7uzG55qJDVxtJ2bfNn8Kujve4OKA&s"},
    {"name":"sports_shoe" ,"vendor":"puma","price":"500","productDescription":"Abcdwjdfkdsjfghfbmdfkndfjkghdf","availableQuantity":"200","image":"https://encrypted-tbn0.gstatic.com/images?q=tbn:ANd9GcRd0CWOQE1FzLa0VwQp2f6S4Q7uzG55qJDVxtJ2bfNn8Kujve4OKA&s"},
    {"name":"formal_shoe" ,"vendor":"puma","price":"500","productDescription":"Abcdwjdfkdsjfghfbmdfkndfjkghdf","availableQuantity":"200","image":"https://encrypted-tbn0.gstatic.com/images?q=tbn:ANd9GcRd0CWOQE1FzLa0VwQp2f6S4Q7uzG55qJDVxtJ2bfNn8Kujve4OKA&s"},
    {"name":"black_shoe" ,"vendor":"puma","price":"500","productDescription":"Abcdwjdfkdsjfghfbmdfkndfjkghdf","availableQuantity":"200","image":"https://encrypted-tbn0.gstatic.com/images?q=tbn:ANd9GcRd0CWOQE1FzLa0VwQp2f6S4Q7uzG55qJDVxtJ2bfNn8Kujve4OKA&s"},
    {"name":"black_shoe" ,"vendor":"puma","price":"500","productDescription":"Abcdwjdfkdsjfghfbmdfkndfjkghdf","availableQuantity":"200","image":"https://encrypted-tbn0.gstatic.com/images?q=tbn:ANd9GcRd0CWOQE1FzLa0VwQp2f6S4Q7uzG55qJDVxtJ2bfNn8Kujve4OKA&s"},
    {"name":"black_shoe" ,"vendor":"puma","price":"500","productDescription":"Abcdwjdfkdsjfghfbmdfkndfjkghdf","availableQuantity":"200","image":"https://encrypted-tbn0.gstatic.com/images?q=tbn:ANd9GcRd0CWOQE1FzLa0VwQp2f6S4Q7uzG55qJDVxtJ2bfNn8Kujve4OKA&s"},
    {"name":"black_shoe" ,"vendor":"puma","price":"500","productDescription":"Abcdwjdfkdsjfghfbmdfkndfjkghdf","availableQuantity":"200","image":"https://encrypted-tbn0.gstatic.com/images?q=tbn:ANd9GcRd0CWOQE1FzLa0VwQp2f6S4Q7uzG55qJDVxtJ2bfNn8Kujve4OKA&s"},
    {"name":"black_shoe" ,"vendor":"puma","price":"500","productDescription":"Abcdwjdfkdsjfghfbmdfkndfjkghdf","availableQuantity":"200","image":"https://encrypted-tbn0.gstatic.com/images?q=tbn:ANd9GcRd0CWOQE1FzLa0VwQp2f6S4Q7uzG55qJDVxtJ2bfNn8Kujve4OKA&s"}
] 