[
    {"name":"shirt" ,"vendor":"Lotus","price":"500","productDescription":"Abcdwjdfkdsjfghfbmdfkndfjkghdf","availableQuantity":"200","image":"https://encrypted-tbn0.gstatic.com/images?q=tbn:ANd9GcQKHf6UU4qTbhOC6wvaWPz6XIsB1J7JIqyMZLB1IP2I6GqWo6IcRg&s"},
    {"name":"sports_shirt" ,"vendor":"Lotus","price":"500","productDescription":"Abcdwjdfkdsjfghfbmdfkndfjkghdf","availableQuantity":"200","image":"https://encrypted-tbn0.gstatic.com/images?q=tbn:ANd9GcQKHf6UU4qTbhOC6wvaWPz6XIsB1J7JIqyMZLB1IP2I6GqWo6IcRg&s"},
    {"name":"formal_shirt" ,"vendor":"Lotus","price":"500","productDescription":"Abcdwjdfkdsjfghfbmdfkndfjkghdf","availableQuantity":"200","image":"https://encrypted-tbn0.gstatic.com/images?q=tbn:ANd9GcQKHf6UU4qTbhOC6wvaWPz6XIsB1J7JIqyMZLB1IP2I6GqWo6IcRg&s"},
    {"name":"Black_shirt" ,"vendor":"Lotus","price":"500","productDescription":"Abcdwjdfkdsjfghfbmdfkndfjkghdf","availableQuantity":"200","image":"https://encrypted-tbn0.gstatic.com/images?q=tbn:ANd9GcQKHf6UU4qTbhOC6wvaWPz6XIsB1J7JIqyMZLB1IP2I6GqWo6IcRg&s"},
    {"name":"Black_shirt" ,"vendor":"Lotus","price":"500","productDescription":"Abcdwjdfkdsjfghfbmdfkndfjkghdf","availableQuantity":"200","image":"https://encrypted-tbn0.gstatic.com/images?q=tbn:ANd9GcQKHf6UU4qTbhOC6wvaWPz6XIsB1J7JIqyMZLB1IP2I6GqWo6IcRg&s"},
    {"name":"Black_shirt" ,"vendor":"Lotus","price":"500","productDescription":"Abcdwjdfkdsjfghfbmdfkndfjkghdf","availableQuantity":"200","image":"https://encrypted-tbn0.gstatic.com/images?q=tbn:ANd9GcQKHf6UU4qTbhOC6wvaWPz6XIsB1J7JIqyMZLB1IP2I6GqWo6IcRg&s"},
    {"name":"Black_shirt" ,"vendor":"Lotus","price":"500","productDescription":"Abcdwjdfkdsjfghfbmdfkndfjkghdf","availableQuantity":"200","image":"https://encrypted-tbn0.gstatic.com/images?q=tbn:ANd9GcQKHf6UU4qTbhOC6wvaWPz6XIsB1J7JIqyMZLB1IP2I6GqWo6IcRg&s"},
    {"name":"Black_shirt" ,"vendor":"Lotus","price":"500","productDescription":"Abcdwjdfkdsjfghfbmdfkndfjkghdf","availableQuantity":"200","image":"https://encrypted-tbn0.gstatic.com/images?q=tbn:ANd9GcQKHf6UU4qTbhOC6wvaWPz6XIsB1J7JIqyMZLB1IP2I6GqWo6IcRg&s"}
] 